{"detected": true, "pred": {"angry": 0.022795316, "confident": 0.00012467398, "confused": 0.00010471204, "contempt": 4.8820257e-06, "crying": 0.0043153553, "disgust": 3.401435e-05, "fear": 0.0003734228, "happy": 0.00010903407, "neutral": 0.3191027, "sad": 0.0005938137, "shy": 4.6092042e-05, "sleepy": 0.00022006287, "surprised": 0.6521759}}